"Model","Solver","Nodes","Elements","Total Time","Assembly","Solve","Iterations","Peak RAM","Peak VRAM","Status","Date"
"Elbow 90°","GPU","1 044 857","346 621","4.45s","<0.01s","3.79s","8112","-","2.39 GB","✓","Jan 9, 07:07 AM"
"Elbow 90°","GPU","1 044 857","346 621","4.45s","<0.01s","3.79s","8115","-","2.47 GB","✓","Jan 9, 07:07 AM"
"Elbow 90°","GPU","1 044 857","346 621","4.38s","<0.01s","3.73s","8112","-","2.47 GB","✓","Jan 9, 07:07 AM"
"Elbow 90°","GPU","623 153","206 435","2.65s","<0.01s","2.21s","6228","-","1.57 GB","✓","Jan 9, 07:07 AM"
"Elbow 90°","GPU","623 153","206 435","2.65s","<0.01s","2.21s","6225","-","951 MB","✓","Jan 9, 07:07 AM"
"Elbow 90°","GPU","623 153","206 435","2.68s","<0.01s","2.23s","6228","-","1.32 GB","✓","Jan 9, 07:07 AM"
"Backward-Facing Step","GPU","1 283 215","426 686","6.58s","<0.01s","5.94s","10 848","-","1.11 GB","✓","Jan 9, 07:07 AM"
"Backward-Facing Step","GPU","1 283 215","426 686","6.57s","<0.01s","5.93s","10 850","-","1.12 GB","✓","Jan 9, 07:07 AM"
"Backward-Facing Step","GPU","1 283 215","426 686","6.56s","<0.01s","5.91s","10 843","-","2.43 GB","✓","Jan 9, 07:07 AM"
"Backward-Facing Step","GPU","766 088","254 551","3.63s","<0.01s","3.21s","8101","-","628 MB","✓","Jan 9, 07:06 AM"
"Backward-Facing Step","GPU","766 088","254 551","3.62s","<0.01s","3.20s","8101","-","1.12 GB","✓","Jan 9, 07:06 AM"
"Backward-Facing Step","GPU","766 088","254 551","3.58s","<0.01s","3.16s","8098","-","628 MB","✓","Jan 9, 07:06 AM"
"T-Junction","GPU","1 291 289","429 176","6.88s","<0.01s","6.16s","11 226","52 MB","1.11 GB","✓","Jan 9, 07:06 AM"
"T-Junction","GPU","1 291 289","429 176","6.85s","<0.01s","6.13s","11 233","52 MB","1.11 GB","✓","Jan 9, 07:06 AM"
"T-Junction","GPU","1 291 289","429 176","6.88s","<0.01s","6.16s","11 233","52 MB","1.11 GB","✓","Jan 9, 07:06 AM"
"T-Junction","GPU","768 898","255 333","3.88s","<0.01s","3.41s","8633","-","679 MB","✓","Jan 9, 07:06 AM"
"T-Junction","GPU","768 898","255 333","3.89s","<0.01s","3.41s","8640","-","679 MB","✓","Jan 9, 07:06 AM"
"T-Junction","GPU","768 898","255 333","3.87s","<0.01s","3.41s","8635","-","679 MB","✓","Jan 9, 07:06 AM"
"S-Bend","GPU","1 286 039","427 244","7.76s","<0.01s","7.05s","12 739","-","1.11 GB","✓","Jan 9, 07:05 AM"
"S-Bend","GPU","1 286 039","427 244","7.78s","<0.01s","7.07s","12 733","-","1.11 GB","✓","Jan 9, 07:05 AM"
"S-Bend","GPU","1 286 039","427 244","7.74s","<0.01s","7.04s","12 726","-","2.94 GB","✓","Jan 9, 07:05 AM"
"S-Bend","GPU","765 441","254 034","4.19s","<0.01s","3.73s","9482","-","675 MB","✓","Jan 9, 07:05 AM"
"S-Bend","GPU","765 441","254 034","4.20s","<0.01s","3.73s","9484","-","1.87 GB","✓","Jan 9, 07:05 AM"
"S-Bend","GPU","765 441","254 034","4.19s","<0.01s","3.73s","9483","-","1.14 GB","✓","Jan 9, 07:05 AM"
"Venturi","GPU","1 284 412","427 017","6.50s","<0.01s","5.53s","10 147","-","3.04 GB","✓","Jan 9, 07:04 AM"
"Venturi","GPU","1 284 412","427 017","6.51s","<0.01s","5.53s","10 145","-","3.04 GB","✓","Jan 9, 07:04 AM"
"Venturi","GPU","1 284 412","427 017","6.51s","<0.01s","5.53s","10 145","-","3.25 GB","✓","Jan 9, 07:04 AM"
"Venturi","GPU","763 707","253 704","3.72s","<0.01s","3.05s","7776","-","675 MB","✓","Jan 9, 07:04 AM"
"Venturi","GPU","763 707","253 704","3.73s","<0.01s","3.05s","7777","-","675 MB","✓","Jan 9, 07:04 AM"
"Venturi","GPU","763 707","253 704","3.71s","<0.01s","3.04s","7780","-","675 MB","✓","Jan 9, 07:04 AM"
"Y-Shaped","GPU","1 357 953","338 544","6.09s","<0.01s","5.08s","9871","-","921 MB","✓","Jan 9, 07:04 AM"
"Y-Shaped","GPU","1 357 953","338 544","6.10s","<0.01s","5.08s","9871","-","2.22 GB","✓","Jan 9, 07:04 AM"
"Y-Shaped","GPU","1 357 953","338 544","6.08s","<0.01s","5.07s","9871","-","912 MB","✓","Jan 9, 07:04 AM"
"Y-Shaped","GPU","772 069","192 308","3.31s","<0.01s","2.66s","7508","-","518 MB","✓","Jan 9, 07:03 AM"
"Y-Shaped","GPU","772 069","192 308","3.31s","<0.01s","2.65s","7508","-","524 MB","✓","Jan 9, 07:03 AM"
"Y-Shaped","GPU","772 069","192 308","3.31s","<0.01s","2.66s","7508","-","524 MB","✓","Jan 9, 07:03 AM"
"Elbow 90°","Numba CUDA","1 044 857","346 621","10.29s","3.70s","4.18s","8363","1.21 GB","517 MB","✓","Jan 9, 07:03 AM"
"Elbow 90°","Numba CUDA","1 044 857","346 621","10.26s","3.69s","4.15s","8363","1.21 GB","501 MB","✓","Jan 9, 07:03 AM"
"Elbow 90°","Numba CUDA","1 044 857","346 621","10.27s","3.69s","4.05s","8363","1.40 GB","517 MB","✓","Jan 9, 07:03 AM"
"Elbow 90°","Numba CUDA","623 153","206 435","5.95s","2.20s","2.39s","6332","478 MB","303 MB","✓","Jan 9, 07:02 AM"
"Elbow 90°","Numba CUDA","623 153","206 435","6.04s","2.21s","2.36s","6332","480 MB","308 MB","✓","Jan 9, 07:02 AM"
"Elbow 90°","Numba CUDA","623 153","206 435","5.95s","2.19s","2.37s","6332","482 MB","303 MB","✓","Jan 9, 07:02 AM"
"Backward-Facing Step","Numba CUDA","1 283 215","426 686","13.97s","4.59s","6.22s","10 876","1.78 GB","636 MB","✓","Jan 9, 07:02 AM"
"Backward-Facing Step","Numba CUDA","1 283 215","426 686","13.98s","4.57s","6.18s","10 876","1.70 GB","626 MB","✓","Jan 9, 07:02 AM"
"Backward-Facing Step","Numba CUDA","1 283 215","426 686","14.21s","4.60s","6.19s","10 876","1.93 GB","636 MB","✓","Jan 9, 07:02 AM"
"Backward-Facing Step","Numba CUDA","766 088","254 551","8.03s","2.70s","3.50s","8544","798 MB","379 MB","✓","Jan 9, 07:01 AM"
"Backward-Facing Step","Numba CUDA","766 088","254 551","8.02s","2.71s","3.50s","8544","754 MB","379 MB","✓","Jan 9, 07:01 AM"
"Backward-Facing Step","Numba CUDA","766 088","254 551","8.16s","2.72s","3.50s","8544","893 MB","379 MB","✓","Jan 9, 07:01 AM"
"T-Junction","Numba CUDA","1 291 289","429 176","14.71s","4.62s","6.71s","11 757","1.96 GB","639 MB","✓","Jan 9, 07:00 AM"
"T-Junction","Numba CUDA","1 291 289","429 176","14.58s","4.63s","6.63s","11 757","1.96 GB","639 MB","✓","Jan 9, 07:00 AM"
"T-Junction","Numba CUDA","1 291 289","429 176","14.39s","4.63s","6.65s","11 757","1.81 GB","639 MB","✓","Jan 9, 07:00 AM"
"T-Junction","Numba CUDA","768 898","255 333","8.45s","2.73s","3.75s","9206","774 MB","381 MB","✓","Jan 9, 06:59 AM"
"T-Junction","Numba CUDA","768 898","255 333","8.21s","2.72s","3.71s","9206","776 MB","381 MB","✓","Jan 9, 06:59 AM"
"T-Junction","Numba CUDA","768 898","255 333","8.44s","2.73s","3.78s","9206","913 MB","381 MB","✓","Jan 9, 06:59 AM"
"S-Bend","Numba CUDA","1 286 039","427 244","15.38s","4.59s","7.47s","13 256","1.96 GB","637 MB","✓","Jan 9, 06:59 AM"
"S-Bend","Numba CUDA","1 286 039","427 244","15.28s","4.59s","7.58s","13 256","1.82 GB","637 MB","✓","Jan 9, 06:59 AM"
"S-Bend","Numba CUDA","1 286 039","427 244","15.55s","4.59s","7.50s","13 256","1.75 GB","637 MB","✓","Jan 9, 06:59 AM"
"S-Bend","Numba CUDA","765 441","254 034","8.48s","2.71s","3.92s","9585","785 MB","379 MB","✓","Jan 9, 06:58 AM"
"S-Bend","Numba CUDA","765 441","254 034","8.50s","2.72s","3.89s","9585","923 MB","379 MB","✓","Jan 9, 06:58 AM"
"S-Bend","Numba CUDA","765 441","254 034","8.52s","2.74s","3.89s","9585","790 MB","379 MB","✓","Jan 9, 06:58 AM"
"Venturi","Numba CUDA","1 284 412","427 017","14.68s","4.61s","6.57s","10 453","1.83 GB","636 MB","✓","Jan 9, 06:57 AM"
"Venturi","Numba CUDA","1 284 412","427 017","14.46s","4.72s","5.97s","10 453","1.99 GB","636 MB","✓","Jan 9, 06:57 AM"
"Venturi","Numba CUDA","1 284 412","427 017","14.29s","4.62s","6.14s","10 453","1.99 GB","636 MB","✓","Jan 9, 06:57 AM"
"Venturi","Numba CUDA","763 707","253 704","7.83s","2.72s","3.25s","7899","802 MB","372 MB","✓","Jan 9, 06:56 AM"
"Venturi","Numba CUDA","763 707","253 704","7.74s","2.71s","3.20s","7899","804 MB","372 MB","✓","Jan 9, 06:56 AM"
"Venturi","Numba CUDA","763 707","253 704","7.68s","2.72s","3.22s","7899","805 MB","378 MB","✓","Jan 9, 06:56 AM"
"Y-Shaped","Numba CUDA","1 357 953","338 544","12.71s","3.84s","5.33s","9871","1.54 GB","559 MB","✓","Jan 9, 06:56 AM"
"Y-Shaped","Numba CUDA","1 357 953","338 544","12.73s","3.85s","5.24s","9871","1.54 GB","559 MB","✓","Jan 9, 06:56 AM"
"Y-Shaped","Numba CUDA","1 357 953","338 544","13.12s","3.83s","5.36s","9871","1.42 GB","559 MB","✓","Jan 9, 06:56 AM"
"Y-Shaped","Numba CUDA","772 069","192 308","6.60s","2.07s","2.75s","7508","466 MB","318 MB","✓","Jan 9, 06:55 AM"
"Y-Shaped","Numba CUDA","772 069","192 308","6.73s","2.16s","2.79s","7508","469 MB","312 MB","✓","Jan 9, 06:55 AM"
"Y-Shaped","Numba CUDA","772 069","192 308","6.87s","2.13s","2.84s","7508","615 MB","312 MB","✓","Jan 9, 06:55 AM"
"Elbow 90°","Numba","1 044 857","346 621","11m 21.5s","787ms","11m 18.3s","29 361","1.34 GB","-","✓","Jan 9, 06:54 AM"
"Elbow 90°","Numba","1 044 857","346 621","11m 30.6s","793ms","11m 27.5s","29 361","1.46 GB","-","✓","Jan 9, 06:54 AM"
"Elbow 90°","Numba","1 044 857","346 621","11m 19.2s","786ms","11m 16.0s","29 361","1.28 GB","-","✓","Jan 9, 06:54 AM"
"Elbow 90°","Numba","623 153","206 435","2m 31.3s","445ms","2m 29.5s","11 892","536 MB","-","✓","Jan 9, 06:08 AM"
"Elbow 90°","Numba","623 153","206 435","2m 33.6s","488ms","2m 31.7s","11 892","574 MB","-","✓","Jan 9, 06:08 AM"
"Elbow 90°","Numba","623 153","206 435","2m 31.4s","444ms","2m 29.5s","11 892","649 MB","-","✓","Jan 9, 06:08 AM"
"Backward-Facing Step","Numba","1 283 215","426 686","8m 9.5s","952ms","8m 5.6s","15 288","1.68 GB","-","✓","Jan 9, 05:57 AM"
"Backward-Facing Step","Numba","1 283 215","426 686","7m 55.5s","957ms","7m 51.6s","15 288","1.91 GB","-","✓","Jan 9, 05:57 AM"
"Backward-Facing Step","Numba","1 283 215","426 686","8m 2.2s","950ms","7m 58.4s","15 288","1.91 GB","-","✓","Jan 9, 05:57 AM"
"Backward-Facing Step","Numba","766 088","254 551","6m 16.2s","569ms","6m 13.9s","23 176","842 MB","-","✓","Jan 9, 05:25 AM"
"Backward-Facing Step","Numba","766 088","254 551","6m 15.8s","610ms","6m 13.6s","23 176","842 MB","-","✓","Jan 9, 05:25 AM"
"Backward-Facing Step","Numba","766 088","254 551","6m 14.7s","572ms","6m 12.5s","23 176","937 MB","-","✓","Jan 9, 05:25 AM"
"T-Junction","Numba","1 291 289","429 176","13m 27.4s","983ms","13m 23.2s","26 426","1.94 GB","-","✓","Jan 9, 04:59 AM"
"T-Junction","Numba","1 291 289","429 176","13m 27.8s","960ms","13m 23.7s","26 426","1.79 GB","-","✓","Jan 9, 04:59 AM"
"T-Junction","Numba","1 291 289","429 176","13m 41.5s","997ms","13m 37.6s","26 426","1.94 GB","-","✓","Jan 9, 04:59 AM"
"T-Junction","Numba","768 898","255 333","15m 45.2s","578ms","15m 42.7s","58 249","956 MB","-","✓","Jan 9, 04:04 AM"
"T-Junction","Numba","768 898","255 333","15m 51.2s","584ms","15m 48.9s","58 249","865 MB","-","✓","Jan 9, 04:04 AM"
"T-Junction","Numba","768 898","255 333","15m 44.3s","582ms","15m 41.7s","58 249","869 MB","-","✓","Jan 9, 04:04 AM"
"S-Bend","Numba","1 286 039","427 244","183m 50.5s","966ms","183m 46.4s","366 133","1.95 GB","-","✓","Jan 9, 03:01 AM"
"S-Bend","Numba","1 286 039","427 244","201m 54.4s","1.05s","201m 50.1s","366 133","1.73 GB","-","✓","Jan 9, 03:01 AM"
"S-Bend","Numba","1 286 039","427 244","185m 50.1s","951ms","185m 46.0s","366 133","1.95 GB","-","✓","Jan 9, 03:01 AM"
"S-Bend","Numba","765 441","254 034","4m 48.5s","565ms","4m 46.2s","18 335","973 MB","-","✓","Jan 8, 01:57 PM"
"S-Bend","Numba","765 441","254 034","4m 52.3s","599ms","4m 49.8s","18 335","976 MB","-","✓","Jan 8, 01:57 PM"
"S-Bend","Numba","765 441","254 034","4m 59.1s","532ms","4m 56.9s","18 335","980 MB","-","✓","Jan 8, 01:57 PM"
"Venturi","Numba","1 284 412","427 017","13m 18.6s","950ms","13m 14.4s","25 711","1.74 GB","-","✓","Jan 8, 01:37 PM"
"Venturi","Numba","1 284 412","427 017","13m 20.1s","872ms","13m 16.3s","25 711","1.74 GB","-","✓","Jan 8, 01:37 PM"
"Venturi","Numba","1 284 412","427 017","13m 1.4s","932ms","12m 57.4s","25 711","1.75 GB","-","✓","Jan 8, 01:37 PM"
"Venturi","Numba","763 707","253 704","4m 28.8s","554ms","4m 26.5s","16 816","991 MB","-","✓","Jan 8, 12:43 PM"
"Venturi","Numba","763 707","253 704","4m 26.0s","559ms","4m 23.7s","16 816","903 MB","-","✓","Jan 8, 12:43 PM"
"Venturi","Numba","763 707","253 704","4m 34.6s","560ms","4m 32.2s","16 816","997 MB","-","✓","Jan 8, 12:43 PM"
"Y-Shaped","Numba","1 357 953","338 544","5m 20.2s","850ms","5m 16.0s","9871","1.56 GB","-","✓","Jan 8, 12:25 PM"
"Y-Shaped","Numba","1 357 953","338 544","5m 25.3s","869ms","5m 21.1s","9871","1.44 GB","-","✓","Jan 8, 12:25 PM"
"Y-Shaped","Numba","1 357 953","338 544","5m 28.2s","864ms","5m 24.1s","9871","1.44 GB","-","✓","Jan 8, 12:25 PM"
"Y-Shaped","Numba","772 069","192 308","1m 57.8s","481ms","1m 55.6s","7508","622 MB","-","✓","Jan 8, 12:03 PM"
"Y-Shaped","Numba","772 069","192 308","1m 57.7s","490ms","1m 55.3s","7508","706 MB","-","✓","Jan 8, 12:03 PM"
"Y-Shaped","Numba","772 069","192 308","1m 57.6s","490ms","1m 55.2s","7508","598 MB","-","✓","Jan 8, 12:03 PM"
"Elbow 90°","Multiprocess","1 044 857","346 621","2m 28.2s","3.99s","391ms","0","1.44 GB","-","✓","Jan 8, 11:55 AM"
"Elbow 90°","Multiprocess","1 044 857","346 621","2m 28.1s","4.00s","379ms","0","1.40 GB","-","✓","Jan 8, 11:55 AM"
"Elbow 90°","Multiprocess","1 044 857","346 621","2m 23.8s","3.96s","410ms","0","1.34 GB","-","✓","Jan 8, 11:55 AM"
"Elbow 90°","Multiprocess","623 153","206 435","1m 8.2s","2.46s","211ms","0","499 MB","-","✓","Jan 8, 11:45 AM"
"Elbow 90°","Multiprocess","623 153","206 435","1m 9.4s","2.42s","204ms","0","696 MB","-","✓","Jan 8, 11:45 AM"
"Elbow 90°","Multiprocess","623 153","206 435","1m 9.5s","2.47s","196ms","0","536 MB","-","✓","Jan 8, 11:45 AM"
"Backward-Facing Step","Multiprocess","1 283 215","426 686","1m 25.5s","4.97s","488ms","0","1.26 GB","-","✓","Jan 8, 11:40 AM"
"Backward-Facing Step","Multiprocess","1 283 215","426 686","1m 24.4s","4.88s","470ms","0","1.81 GB","-","✓","Jan 8, 11:40 AM"
"Backward-Facing Step","Multiprocess","1 283 215","426 686","1m 23.9s","4.88s","551ms","0","1.76 GB","-","✓","Jan 8, 11:40 AM"
"Backward-Facing Step","Multiprocess","766 088","254 551","42.07s","3.06s","278ms","0","663 MB","-","✓","Jan 8, 11:34 AM"
"Backward-Facing Step","Multiprocess","766 088","254 551","42.29s","3.06s","274ms","0","949 MB","-","✓","Jan 8, 11:34 AM"
"Backward-Facing Step","Multiprocess","766 088","254 551","41.97s","3.02s","292ms","0","988 MB","-","✓","Jan 8, 11:34 AM"
"T-Junction","Multiprocess","1 291 289","429 176","59.94s","4.92s","499ms","0","2.01 GB","-","✓","Jan 8, 11:31 AM"
"T-Junction","Multiprocess","1 291 289","429 176","59.99s","4.99s","485ms","0","1.71 GB","-","✓","Jan 8, 11:31 AM"
"T-Junction","Multiprocess","1 291 289","429 176","59.65s","4.96s","469ms","0","1.88 GB","-","✓","Jan 8, 11:31 AM"
"T-Junction","Multiprocess","768 898","255 333","30.33s","3.11s","270ms","0","789 MB","-","✓","Jan 8, 11:27 AM"
"T-Junction","Multiprocess","768 898","255 333","29.10s","3.11s","276ms","0","1.09 GB","-","✓","Jan 8, 11:27 AM"
"T-Junction","Multiprocess","768 898","255 333","29.07s","3.16s","258ms","0","1020 MB","-","✓","Jan 8, 11:27 AM"
"S-Bend","Multiprocess","1 286 039","427 244","58.91s","4.81s","473ms","0","1.97 GB","-","✓","Jan 8, 11:25 AM"
"S-Bend","Multiprocess","1 286 039","427 244","58.24s","4.85s","514ms","0","1.64 GB","-","✓","Jan 8, 11:25 AM"
"S-Bend","Multiprocess","1 286 039","427 244","59.08s","4.90s","454ms","0","1.82 GB","-","✓","Jan 8, 11:25 AM"
"S-Bend","Multiprocess","765 441","254 034","29.12s","3.08s","268ms","0","900 MB","-","✓","Jan 8, 11:21 AM"
"S-Bend","Multiprocess","765 441","254 034","30.10s","3.20s","273ms","0","757 MB","-","✓","Jan 8, 11:21 AM"
"S-Bend","Multiprocess","765 441","254 034","29.31s","3.11s","260ms","0","1012 MB","-","✓","Jan 8, 11:21 AM"
"Venturi","Multiprocess","1 284 412","427 017","1m 47.9s","4.87s","514ms","0","2.00 GB","-","✓","Jan 8, 11:19 AM"
"Venturi","Multiprocess","1 284 412","427 017","1m 48.0s","4.91s","495ms","0","1.66 GB","-","✓","Jan 8, 11:19 AM"
"Venturi","Multiprocess","1 284 412","427 017","1m 46.5s","4.86s","479ms","0","1.94 GB","-","✓","Jan 8, 11:19 AM"
"Venturi","Multiprocess","763 707","253 704","52.84s","2.99s","262ms","0","842 MB","-","✓","Jan 8, 11:12 AM"
"Venturi","Multiprocess","763 707","253 704","53.26s","3.06s","282ms","0","773 MB","-","✓","Jan 8, 11:12 AM"
"Venturi","Multiprocess","763 707","253 704","51.75s","2.99s","257ms","0","1.15 GB","-","✓","Jan 8, 11:12 AM"
"Y-Shaped","Multiprocess","1 357 953","338 544","52.54s","4.04s","557ms","0","1.59 GB","-","✓","Jan 8, 11:08 AM"
"Y-Shaped","Multiprocess","1 357 953","338 544","51.88s","3.98s","540ms","0","1.73 GB","-","✓","Jan 8, 11:08 AM"
"Y-Shaped","Multiprocess","1 357 953","338 544","51.86s","4.02s","535ms","0","1.59 GB","-","✓","Jan 8, 11:08 AM"
"Y-Shaped","Multiprocess","772 069","192 308","25.27s","2.42s","273ms","0","776 MB","-","✓","Jan 8, 11:05 AM"
"Y-Shaped","Multiprocess","772 069","192 308","24.73s","2.33s","273ms","0","943 MB","-","✓","Jan 8, 11:05 AM"
"Y-Shaped","Multiprocess","772 069","192 308","24.90s","2.34s","272ms","0","686 MB","-","✓","Jan 8, 11:05 AM"
"Elbow 90°","Threaded","1 044 857","346 621","4m 17.0s","38.47s","3m 11.0s","8151","1.57 GB","-","✓","Jan 8, 11:03 AM"
"Elbow 90°","Threaded","1 044 857","346 621","4m 18.2s","38.54s","3m 12.5s","8156","1.76 GB","-","✓","Jan 8, 11:03 AM"
"Elbow 90°","Threaded","1 044 857","346 621","4m 21.7s","38.53s","3m 15.7s","8155","1.76 GB","-","✓","Jan 8, 11:03 AM"
"Elbow 90°","Threaded","623 153","206 435","1m 57.7s","23.05s","1m 17.7s","6228","854 MB","-","✓","Jan 8, 10:45 AM"
"Elbow 90°","Threaded","623 153","206 435","1m 58.4s","22.98s","1m 18.6s","6228","968 MB","-","✓","Jan 8, 10:45 AM"
"Elbow 90°","Threaded","623 153","206 435","1m 58.8s","23.05s","1m 18.8s","6229","860 MB","-","✓","Jan 8, 10:45 AM"
"Backward-Facing Step","Threaded","1 283 215","426 686","6m 51.3s","48.04s","5m 28.9s","10 847","2.21 GB","-","✓","Jan 8, 10:37 AM"
"Backward-Facing Step","Threaded","1 283 215","426 686","6m 58.0s","48.12s","5m 35.4s","10 846","2.21 GB","-","✓","Jan 8, 10:37 AM"
"Backward-Facing Step","Threaded","1 283 215","426 686","6m 56.7s","47.97s","5m 34.3s","10 850","2.21 GB","-","✓","Jan 8, 10:37 AM"
"Backward-Facing Step","Threaded","766 088","254 551","3m 4.5s","28.83s","2m 15.4s","8103","1.26 GB","-","✓","Jan 8, 10:09 AM"
"Backward-Facing Step","Threaded","766 088","254 551","3m 1.5s","28.87s","2m 12.0s","8104","1.27 GB","-","✓","Jan 8, 10:09 AM"
"Backward-Facing Step","Threaded","766 088","254 551","2m 59.9s","28.30s","2m 11.3s","8103","1.14 GB","-","✓","Jan 8, 10:09 AM"
"T-Junction","Threaded","1 291 289","429 176","7m 14.5s","48.00s","5m 52.1s","11 579","2.24 GB","-","✓","Jan 8, 09:57 AM"
"T-Junction","Threaded","1 291 289","429 176","7m 21.7s","48.07s","5m 59.1s","11 592","2.24 GB","-","✓","Jan 8, 09:57 AM"
"T-Junction","Threaded","1 291 289","429 176","7m 22.6s","48.36s","5m 59.8s","11 590","2.25 GB","-","✓","Jan 8, 09:57 AM"
"T-Junction","Threaded","768 898","255 333","3m 9.2s","28.53s","2m 20.4s","8639","1.16 GB","-","✓","Jan 8, 09:27 AM"
"T-Junction","Threaded","768 898","255 333","3m 9.4s","28.57s","2m 20.4s","8638","1.16 GB","-","✓","Jan 8, 09:27 AM"
"T-Junction","Threaded","768 898","255 333","3m 8.7s","28.64s","2m 19.8s","8637","1.16 GB","-","✓","Jan 8, 09:27 AM"
"S-Bend","Threaded","1 286 039","427 244","7m 52.1s","48.59s","6m 29.0s","12 731","2.25 GB","-","✓","Jan 8, 09:14 AM"
"S-Bend","Threaded","1 286 039","427 244","7m 57.6s","48.64s","6m 34.2s","12 732","2.03 GB","-","✓","Jan 8, 09:14 AM"
"S-Bend","Threaded","1 286 039","427 244","7m 56.2s","48.76s","6m 32.4s","12 734","2.25 GB","-","✓","Jan 8, 09:14 AM"
"S-Bend","Threaded","765 441","254 034","3m 23.1s","28.76s","2m 33.5s","9482","1.30 GB","-","✓","Jan 8, 08:42 AM"
"S-Bend","Threaded","765 441","254 034","3m 25.6s","28.81s","2m 36.1s","9481","1.17 GB","-","✓","Jan 8, 08:42 AM"
"S-Bend","Threaded","765 441","254 034","3m 22.6s","28.84s","2m 33.3s","9481","1.22 GB","-","✓","Jan 8, 08:42 AM"
"Venturi","Threaded","1 284 412","427 017","6m 42.3s","48.64s","5m 18.5s","10 153","2.27 GB","-","✓","Jan 8, 08:28 AM"
"Venturi","Threaded","1 284 412","427 017","6m 36.7s","48.56s","5m 13.1s","10 151","2.27 GB","-","✓","Jan 8, 08:28 AM"
"Venturi","Threaded","1 284 412","427 017","6m 37.9s","48.56s","5m 14.3s","10 152","2.28 GB","-","✓","Jan 8, 08:28 AM"
"Venturi","Threaded","763 707","253 704","2m 55.6s","28.77s","2m 6.1s","7782","1.18 GB","-","✓","Jan 8, 08:02 AM"
"Venturi","Threaded","763 707","253 704","2m 56.7s","28.76s","2m 7.2s","7781","1.19 GB","-","✓","Jan 8, 08:02 AM"
"Venturi","Threaded","763 707","253 704","2m 55.2s","28.73s","2m 5.9s","7785","1.32 GB","-","✓","Jan 8, 08:02 AM"
"Y-Shaped","Threaded","1 357 953","338 544","6m 29.9s","38.79s","5m 22.8s","9871","1.64 GB","-","✓","Jan 8, 07:50 AM"
"Y-Shaped","Threaded","1 357 953","338 544","6m 27.8s","38.66s","5m 21.1s","9871","1.71 GB","-","✓","Jan 8, 07:50 AM"
"Y-Shaped","Threaded","1 357 953","338 544","6m 27.5s","38.56s","5m 20.6s","9871","1.65 GB","-","✓","Jan 8, 07:50 AM"
"Y-Shaped","Threaded","772 069","192 308","2m 34.0s","22.06s","1m 55.5s","7508","982 MB","-","✓","Jan 8, 07:24 AM"
"Y-Shaped","Threaded","772 069","192 308","2m 34.5s","22.10s","1m 55.6s","7508","879 MB","-","✓","Jan 8, 07:24 AM"
"Y-Shaped","Threaded","772 069","192 308","2m 35.1s","22.08s","1m 56.5s","7508","889 MB","-","✓","Jan 8, 07:24 AM"
"Elbow 90°","CPU","1 044 857","346 621","12m 48.8s","1m 20.5s","11m 5.7s","28 398","1.50 GB","-","✓","Jan 8, 07:14 AM"
"Elbow 90°","CPU","1 044 857","346 621","12m 57.8s","1m 20.2s","11m 14.8s","28 398","1.42 GB","-","✓","Jan 8, 07:14 AM"
"Elbow 90°","CPU","1 044 857","346 621","12m 58.0s","1m 21.3s","11m 14.3s","28 398","1.43 GB","-","✓","Jan 8, 07:14 AM"
"Elbow 90°","CPU","623 153","206 435","3m 38.7s","49.28s","2m 35.8s","12 164","881 MB","-","✓","Jan 8, 06:22 AM"
"Elbow 90°","CPU","623 153","206 435","3m 40.3s","49.42s","2m 37.1s","12 164","884 MB","-","✓","Jan 8, 06:22 AM"
"Elbow 90°","CPU","623 153","206 435","3m 38.8s","48.06s","2m 37.3s","12 164","879 MB","-","✓","Jan 8, 06:22 AM"
"Backward-Facing Step","CPU","1 283 215","426 686","10m 58.0s","1m 39.8s","8m 50.6s","16 952","1.90 GB","-","✓","Jan 8, 06:08 AM"
"Backward-Facing Step","CPU","1 283 215","426 686","11m 11.7s","1m 39.2s","9m 4.8s","16 952","1.84 GB","-","✓","Jan 8, 06:08 AM"
"Backward-Facing Step","CPU","1 283 215","426 686","11m 1.0s","1m 41.4s","8m 51.8s","16 952","1.92 GB","-","✓","Jan 8, 06:08 AM"
"Backward-Facing Step","CPU","766 088","254 551","8m 2.0s","1m 1.0s","6m 44.4s","24 904","1.09 GB","-","✓","Jan 8, 05:23 AM"
"Backward-Facing Step","CPU","766 088","254 551","8m 0.8s","59.96s","6m 44.1s","24 904","1.10 GB","-","✓","Jan 8, 05:23 AM"
"Backward-Facing Step","CPU","766 088","254 551","8m 3.2s","59.24s","6m 47.4s","24 904","1.10 GB","-","✓","Jan 8, 05:23 AM"
"T-Junction","CPU","1 291 289","429 176","20m 11.5s","1m 42.9s","18m 0.2s","35 130","1.94 GB","-","✓","Jan 8, 04:51 AM"
"T-Junction","CPU","1 291 289","429 176","20m 29.6s","1m 43.7s","18m 17.2s","35 130","1.95 GB","-","✓","Jan 8, 04:51 AM"
"T-Junction","CPU","1 291 289","429 176","20m 10.0s","1m 41.2s","18m 0.4s","35 130","1.96 GB","-","✓","Jan 8, 04:51 AM"
"T-Junction","CPU","768 898","255 333","17m 33.5s","57.43s","16m 20.2s","64 917","1.01 GB","-","✓","Jan 8, 03:30 AM"
"T-Junction","CPU","768 898","255 333","17m 36.0s","57.58s","16m 22.3s","64 917","1.14 GB","-","✓","Jan 8, 03:30 AM"
"T-Junction","CPU","768 898","255 333","17m 31.0s","58.37s","16m 16.5s","64 917","1.14 GB","-","✓","Jan 8, 03:30 AM"
"S-Bend","CPU","1 286 039","427 244","220m 54.0s","1m 42.3s","218m 43.7s","349 462","1.99 GB","-","✓","Jan 8, 02:12 AM"
"S-Bend","CPU","1 286 039","427 244","208m 29.8s","1m 42.4s","206m 19.6s","349 462","1.99 GB","-","✓","Jan 8, 02:12 AM"
"S-Bend","CPU","1 286 039","427 244","198m 14.8s","1m 43.9s","196m 3.8s","349 462","2.00 GB","-","✓","Jan 8, 02:12 AM"
"Elbow 90°","GPU","161 984","53 344","1.01s","<0.01s","837ms","3134","-","133 MB","✓","Jan 6, 08:17 PM"
"Elbow 90°","GPU","161 984","53 344","1.04s","<0.01s","857ms","3132","-","133 MB","✓","Jan 6, 08:17 PM"
"Elbow 90°","GPU","161 984","53 344","1.10s","<0.01s","920ms","3132","-","133 MB","✓","Jan 6, 08:17 PM"
"Elbow 90°","GPU","411","111","52ms","<0.01s","34ms","141","-","-","✓","Jan 6, 08:17 PM"
"Elbow 90°","GPU","411","111","55ms","<0.01s","37ms","141","-","-","✓","Jan 6, 08:17 PM"
"Elbow 90°","GPU","411","111","52ms","<0.01s","35ms","141","-","-","✓","Jan 6, 08:17 PM"
"Backward-Facing Step","GPU","195 362","64 713","1.30s","<0.01s","1.15s","3990","-","161 MB","✓","Jan 6, 08:17 PM"
"Backward-Facing Step","GPU","195 362","64 713","1.26s","<0.01s","1.12s","3992","-","161 MB","✓","Jan 6, 08:17 PM"
"Backward-Facing Step","GPU","195 362","64 713","1.26s","<0.01s","1.12s","3993","-","160 MB","✓","Jan 6, 08:17 PM"
"Backward-Facing Step","GPU","287","82","50ms","<0.01s","37ms","137","-","-","✓","Jan 6, 08:17 PM"
"Backward-Facing Step","GPU","287","82","56ms","<0.01s","38ms","137","-","-","✓","Jan 6, 08:17 PM"
"Backward-Facing Step","GPU","287","82","49ms","<0.01s","35ms","137","-","-","✓","Jan 6, 08:17 PM"
"T-Junction","GPU","196 420","64 987","1.42s","<0.01s","1.25s","4319","-","162 MB","✓","Jan 6, 08:17 PM"
"T-Junction","GPU","196 420","64 987","1.42s","<0.01s","1.25s","4319","-","162 MB","✓","Jan 6, 08:17 PM"
"T-Junction","GPU","196 420","64 987","1.44s","<0.01s","1.25s","4319","-","162 MB","✓","Jan 6, 08:17 PM"
"T-Junction","GPU","393","102","58ms","<0.01s","42ms","168","-","-","✓","Jan 6, 08:17 PM"
"T-Junction","GPU","393","102","60ms","<0.01s","43ms","168","-","-","✓","Jan 6, 08:17 PM"
"T-Junction","GPU","393","102","74ms","<0.01s","56ms","168","-","-","✓","Jan 6, 08:17 PM"
"S-Bend","GPU","196 078","64 787","1.56s","<0.01s","1.38s","4650","-","162 MB","✓","Jan 6, 08:17 PM"
"S-Bend","GPU","196 078","64 787","1.58s","<0.01s","1.39s","4652","-","162 MB","✓","Jan 6, 08:17 PM"
"S-Bend","GPU","196 078","64 787","1.48s","<0.01s","1.32s","4650","-","162 MB","✓","Jan 6, 08:17 PM"
"S-Bend","GPU","387","222","68ms","<0.01s","43ms","156","-","-","✓","Jan 6, 08:16 PM"
"S-Bend","GPU","387","222","65ms","<0.01s","42ms","156","-","-","✓","Jan 6, 08:16 PM"
"S-Bend","GPU","387","222","53ms","<0.01s","37ms","156","-","-","✓","Jan 6, 08:16 PM"
"Venturi","GPU","194 325","64 334","1.36s","<0.01s","1.10s","4034","-","160 MB","✓","Jan 6, 08:16 PM"
"Venturi","GPU","194 325","64 334","1.40s","<0.01s","1.13s","4034","-","160 MB","✓","Jan 6, 08:16 PM"
"Venturi","GPU","194 325","64 334","1.45s","<0.01s","1.17s","4034","-","160 MB","✓","Jan 6, 08:16 PM"
"Venturi","GPU","341","86","53ms","<0.01s","34ms","133","-","-","✓","Jan 6, 08:16 PM"
"Venturi","GPU","341","86","55ms","<0.01s","36ms","133","-","-","✓","Jan 6, 08:16 PM"
"Venturi","GPU","341","86","52ms","<0.01s","33ms","133","-","-","✓","Jan 6, 08:16 PM"
"Y-Shaped","GPU","195 853","48 607","1.34s","<0.01s","1.06s","3741","1 MB","129 MB","✓","Jan 6, 08:16 PM"
"Y-Shaped","GPU","195 853","48 607","1.34s","<0.01s","1.07s","3741","-","128 MB","✓","Jan 6, 08:16 PM"
"Y-Shaped","GPU","195 853","48 607","1.37s","<0.01s","1.09s","3741","1 MB","128 MB","✓","Jan 6, 08:16 PM"
"Y-Shaped","GPU","201","52","56ms","<0.01s","34ms","115","-","-","✓","Jan 6, 08:16 PM"
"Y-Shaped","GPU","201","52","54ms","<0.01s","30ms","115","0 MB","-","✓","Jan 6, 08:16 PM"
"Y-Shaped","GPU","201","52","45ms","<0.01s","29ms","115","0 MB","-","✓","Jan 6, 08:16 PM"
"Elbow 90°","Numba CUDA","161 984","53 344","2.00s","611ms","970ms","3202","137 MB","79 MB","✓","Jan 6, 08:16 PM"
"Elbow 90°","Numba CUDA","161 984","53 344","1.96s","612ms","950ms","3202","138 MB","80 MB","✓","Jan 6, 08:16 PM"
"Elbow 90°","Numba CUDA","161 984","53 344","1.97s","608ms","962ms","3202","139 MB","79 MB","✓","Jan 6, 08:16 PM"
"Elbow 90°","Numba CUDA","411","111","44ms","<0.01s","38ms","141","-","-","✓","Jan 6, 08:16 PM"
"Elbow 90°","Numba CUDA","411","111","43ms","<0.01s","36ms","141","-","-","✓","Jan 6, 08:16 PM"
"Elbow 90°","Numba CUDA","411","111","44ms","<0.01s","38ms","141","-","-","✓","Jan 6, 08:16 PM"
"Backward-Facing Step","Numba CUDA","195 362","64 713","2.42s","726ms","1.18s","3990","154 MB","97 MB","✓","Jan 6, 08:16 PM"
"Backward-Facing Step","Numba CUDA","195 362","64 713","2.37s","730ms","1.17s","3990","156 MB","97 MB","✓","Jan 6, 08:16 PM"
"Backward-Facing Step","Numba CUDA","195 362","64 713","2.42s","692ms","1.19s","3990","158 MB","97 MB","✓","Jan 6, 08:16 PM"
"Backward-Facing Step","Numba CUDA","287","82","38ms","<0.01s","33ms","137","-","-","✓","Jan 6, 08:16 PM"
"Backward-Facing Step","Numba CUDA","287","82","40ms","<0.01s","35ms","137","-","-","✓","Jan 6, 08:16 PM"
"Backward-Facing Step","Numba CUDA","287","82","56ms","<0.01s","49ms","137","-","-","✓","Jan 6, 08:16 PM"
"T-Junction","Numba CUDA","196 420","64 987","2.31s","671ms","1.20s","4319","229 MB","97 MB","✓","Jan 6, 08:16 PM"
"T-Junction","Numba CUDA","196 420","64 987","2.36s","682ms","1.19s","4319","231 MB","97 MB","✓","Jan 6, 08:16 PM"
"T-Junction","Numba CUDA","196 420","64 987","2.32s","682ms","1.19s","4319","232 MB","96 MB","✓","Jan 6, 08:16 PM"
"T-Junction","Numba CUDA","393","102","46ms","<0.01s","40ms","168","-","-","✓","Jan 6, 08:16 PM"
"T-Junction","Numba CUDA","393","102","46ms","<0.01s","40ms","168","-","-","✓","Jan 6, 08:16 PM"
"T-Junction","Numba CUDA","393","102","52ms","<0.01s","41ms","168","-","-","✓","Jan 6, 08:16 PM"
"S-Bend","Numba CUDA","196 078","64 787","2.47s","678ms","1.31s","4652","183 MB","94 MB","✓","Jan 6, 08:16 PM"
"S-Bend","Numba CUDA","196 078","64 787","2.39s","679ms","1.27s","4652","183 MB","95 MB","✓","Jan 6, 08:16 PM"
"S-Bend","Numba CUDA","196 078","64 787","2.46s","682ms","1.30s","4652","185 MB","97 MB","✓","Jan 6, 08:16 PM"
"S-Bend","Numba CUDA","387","222","59ms","<0.01s","53ms","156","-","-","✓","Jan 6, 08:16 PM"
"S-Bend","Numba CUDA","387","222","70ms","<0.01s","65ms","156","-","-","✓","Jan 6, 08:16 PM"
"S-Bend","Numba CUDA","387","222","61ms","<0.01s","55ms","156","-","-","✓","Jan 6, 08:16 PM"
"Venturi","Numba CUDA","194 325","64 334","2.38s","679ms","1.13s","4040","170 MB","95 MB","✓","Jan 6, 08:15 PM"
"Venturi","Numba CUDA","194 325","64 334","2.30s","678ms","1.15s","4040","172 MB","95 MB","✓","Jan 6, 08:15 PM"
"Venturi","Numba CUDA","194 325","64 334","2.47s","733ms","1.17s","4040","174 MB","96 MB","✓","Jan 6, 08:15 PM"
"Venturi","Numba CUDA","341","86","55ms","<0.01s","49ms","132","-","-","✓","Jan 6, 08:15 PM"
"Venturi","Numba CUDA","341","86","54ms","<0.01s","48ms","132","-","-","✓","Jan 6, 08:15 PM"
"Venturi","Numba CUDA","341","86","70ms","<0.01s","64ms","132","-","-","✓","Jan 6, 08:15 PM"
"Y-Shaped","Numba CUDA","195 853","48 607","2.16s","561ms","1.07s","3741","145 MB","80 MB","✓","Jan 6, 08:15 PM"
"Y-Shaped","Numba CUDA","195 853","48 607","2.29s","576ms","1.18s","3741","147 MB","80 MB","✓","Jan 6, 08:15 PM"
"Y-Shaped","Numba CUDA","195 853","48 607","2.16s","574ms","1.07s","3741","149 MB","80 MB","✓","Jan 6, 08:15 PM"
"Y-Shaped","Numba CUDA","201","52","56ms","<0.01s","51ms","115","-","-","✓","Jan 6, 08:15 PM"
"Y-Shaped","Numba CUDA","201","52","38ms","<0.01s","31ms","115","-","-","✓","Jan 6, 08:15 PM"
"Y-Shaped","Numba CUDA","201","52","64ms","<0.01s","58ms","115","-","-","✓","Jan 6, 08:15 PM"
"Elbow 90°","Numba","161 984","53 344","28.70s","127ms","28.20s","4671","144 MB","-","✓","Jan 6, 08:15 PM"
"Elbow 90°","Numba","161 984","53 344","27.72s","137ms","27.24s","4671","145 MB","-","✓","Jan 6, 08:15 PM"
"Elbow 90°","Numba","161 984","53 344","25.79s","129ms","25.27s","4671","146 MB","-","✓","Jan 6, 08:15 PM"
"Elbow 90°","Numba","411","111","<0.01s","<0.01s","<0.01s","141","-","-","✓","Jan 6, 08:13 PM"
"Elbow 90°","Numba","411","111","<0.01s","<0.01s","<0.01s","141","-","-","✓","Jan 6, 08:13 PM"
"Elbow 90°","Numba","411","111","<0.01s","<0.01s","<0.01s","141","-","-","✓","Jan 6, 08:13 PM"
"Backward-Facing Step","Numba","195 362","64 713","31.33s","178ms","30.72s","4243","224 MB","-","✓","Jan 6, 08:13 PM"
"Backward-Facing Step","Numba","195 362","64 713","28.88s","166ms","28.28s","4243","225 MB","-","✓","Jan 6, 08:13 PM"
"Backward-Facing Step","Numba","195 362","64 713","27.28s","146ms","26.70s","4243","227 MB","-","✓","Jan 6, 08:13 PM"
"Backward-Facing Step","Numba","287","82","<0.01s","<0.01s","<0.01s","137","-","-","✓","Jan 6, 08:11 PM"
"Backward-Facing Step","Numba","287","82","<0.01s","<0.01s","<0.01s","137","-","-","✓","Jan 6, 08:11 PM"
"Backward-Facing Step","Numba","287","82","<0.01s","<0.01s","<0.01s","137","-","-","✓","Jan 6, 08:11 PM"
"T-Junction","Numba","196 420","64 987","26.32s","168ms","25.73s","4319","227 MB","-","✓","Jan 6, 08:11 PM"
"T-Junction","Numba","196 420","64 987","29.63s","134ms","29.06s","4319","227 MB","-","✓","Jan 6, 08:11 PM"
"T-Junction","Numba","196 420","64 987","28.06s","141ms","27.50s","4319","221 MB","-","✓","Jan 6, 08:11 PM"
"T-Junction","Numba","393","102","<0.01s","<0.01s","<0.01s","168","-","-","✓","Jan 6, 08:09 PM"
"T-Junction","Numba","393","102","<0.01s","<0.01s","<0.01s","168","-","-","✓","Jan 6, 08:09 PM"
"T-Junction","Numba","393","102","<0.01s","<0.01s","<0.01s","168","-","-","✓","Jan 6, 08:09 PM"
"S-Bend","Numba","196 078","64 787","32.70s","161ms","32.08s","5009","234 MB","-","✓","Jan 6, 08:09 PM"
"S-Bend","Numba","196 078","64 787","33.18s","171ms","32.62s","5009","237 MB","-","✓","Jan 6, 08:09 PM"
"S-Bend","Numba","196 078","64 787","33.34s","169ms","32.70s","5009","237 MB","-","✓","Jan 6, 08:09 PM"
"S-Bend","Numba","387","222","<0.01s","<0.01s","<0.01s","157","-","-","✓","Jan 6, 08:07 PM"
"S-Bend","Numba","387","222","<0.01s","<0.01s","<0.01s","157","-","-","✓","Jan 6, 08:07 PM"
"S-Bend","Numba","387","222","<0.01s","<0.01s","<0.01s","157","-","-","✓","Jan 6, 08:07 PM"
"Venturi","Numba","194 325","64 334","30.27s","181ms","29.63s","4355","235 MB","-","✓","Jan 6, 08:07 PM"
"Venturi","Numba","194 325","64 334","29.82s","150ms","29.24s","4355","252 MB","-","✓","Jan 6, 08:07 PM"
"Venturi","Numba","194 325","64 334","29.79s","168ms","29.18s","4355","239 MB","-","✓","Jan 6, 08:07 PM"
"Venturi","Numba","341","86","<0.01s","<0.01s","<0.01s","133","-","-","✓","Jan 6, 08:05 PM"
"Venturi","Numba","341","86","<0.01s","<0.01s","<0.01s","133","-","-","✓","Jan 6, 08:05 PM"
"Venturi","Numba","341","86","<0.01s","<0.01s","<0.01s","133","-","-","✓","Jan 6, 08:05 PM"
"Y-Shaped","Numba","195 853","48 607","23.23s","134ms","22.55s","3741","168 MB","-","✓","Jan 6, 08:05 PM"
"Y-Shaped","Numba","195 853","48 607","22.65s","128ms","22.02s","3741","170 MB","-","✓","Jan 6, 08:05 PM"
"Y-Shaped","Numba","195 853","48 607","22.71s","118ms","22.15s","3741","170 MB","-","✓","Jan 6, 08:05 PM"
"Y-Shaped","Numba","201","52","<0.01s","<0.01s","<0.01s","115","-","-","✓","Jan 6, 08:03 PM"
"Y-Shaped","Numba","201","52","<0.01s","<0.01s","<0.01s","115","-","-","✓","Jan 6, 08:03 PM"
"Y-Shaped","Numba","201","52","<0.01s","<0.01s","<0.01s","115","-","-","✓","Jan 6, 08:03 PM"
"Elbow 90°","Multiprocess","161 984","53 344","18.70s","802ms","17.00s","3135","153 MB","-","✓","Jan 6, 08:03 PM"
"Elbow 90°","Multiprocess","161 984","53 344","19.35s","748ms","17.66s","3135","140 MB","-","✓","Jan 6, 08:03 PM"
"Elbow 90°","Multiprocess","161 984","53 344","21.80s","751ms","20.18s","3135","157 MB","-","✓","Jan 6, 08:03 PM"
"Elbow 90°","Multiprocess","411","111","226ms","116ms","<0.01s","141","-","-","✓","Jan 6, 08:02 PM"
"Elbow 90°","Multiprocess","411","111","236ms","118ms","<0.01s","141","-","-","✓","Jan 6, 08:02 PM"
"Elbow 90°","Multiprocess","411","111","228ms","116ms","<0.01s","141","-","-","✓","Jan 6, 08:02 PM"
"Backward-Facing Step","Multiprocess","195 362","64 713","26.65s","928ms","24.53s","3990","233 MB","-","✓","Jan 6, 08:02 PM"
"Backward-Facing Step","Multiprocess","195 362","64 713","26.40s","911ms","24.31s","3990","240 MB","-","✓","Jan 6, 08:02 PM"
"Backward-Facing Step","Multiprocess","195 362","64 713","26.74s","933ms","24.66s","3990","236 MB","-","✓","Jan 6, 08:02 PM"
"Backward-Facing Step","Multiprocess","287","82","244ms","115ms","<0.01s","137","-","-","✓","Jan 6, 08:00 PM"
"Backward-Facing Step","Multiprocess","287","82","226ms","118ms","<0.01s","137","-","-","✓","Jan 6, 08:00 PM"
"Backward-Facing Step","Multiprocess","287","82","228ms","115ms","<0.01s","137","-","-","✓","Jan 6, 08:00 PM"
"T-Junction","Multiprocess","196 420","64 987","30.25s","900ms","28.16s","4319","269 MB","-","✓","Jan 6, 08:00 PM"
"T-Junction","Multiprocess","196 420","64 987","28.25s","895ms","26.19s","4319","256 MB","-","✓","Jan 6, 08:00 PM"
"T-Junction","Multiprocess","196 420","64 987","30.17s","907ms","28.09s","4319","258 MB","-","✓","Jan 6, 08:00 PM"
"T-Junction","Multiprocess","393","102","228ms","120ms","<0.01s","168","-","-","✓","Jan 6, 07:58 PM"
"T-Junction","Multiprocess","393","102","240ms","127ms","<0.01s","168","-","-","✓","Jan 6, 07:58 PM"
"T-Junction","Multiprocess","393","102","226ms","116ms","<0.01s","168","-","-","✓","Jan 6, 07:58 PM"
"S-Bend","Multiprocess","196 078","64 787","32.10s","907ms","30.01s","4650","293 MB","-","✓","Jan 6, 07:58 PM"
"S-Bend","Multiprocess","196 078","64 787","32.53s","869ms","30.53s","4650","265 MB","-","✓","Jan 6, 07:58 PM"
"S-Bend","Multiprocess","196 078","64 787","30.42s","938ms","28.34s","4650","252 MB","-","✓","Jan 6, 07:58 PM"
"S-Bend","Multiprocess","387","222","216ms","111ms","<0.01s","156","-","-","✓","Jan 6, 07:56 PM"
"S-Bend","Multiprocess","387","222","226ms","111ms","<0.01s","156","-","-","✓","Jan 6, 07:56 PM"
"S-Bend","Multiprocess","387","222","215ms","114ms","<0.01s","156","-","-","✓","Jan 6, 07:56 PM"
"Venturi","Multiprocess","194 325","64 334","25.59s","842ms","23.59s","4041","262 MB","-","✓","Jan 6, 07:56 PM"
"Venturi","Multiprocess","194 325","64 334","28.19s","904ms","26.17s","4041","295 MB","-","✓","Jan 6, 07:56 PM"
"Venturi","Multiprocess","194 325","64 334","27.66s","925ms","25.56s","4041","278 MB","-","✓","Jan 6, 07:56 PM"
"Venturi","Multiprocess","341","86","200ms","105ms","<0.01s","133","-","-","✓","Jan 6, 07:54 PM"
"Venturi","Multiprocess","341","86","194ms","98ms","<0.01s","133","-","-","✓","Jan 6, 07:54 PM"
"Venturi","Multiprocess","341","86","215ms","113ms","<0.01s","133","-","-","✓","Jan 6, 07:54 PM"
"Y-Shaped","Multiprocess","195 853","48 607","23.62s","669ms","21.88s","3741","184 MB","-","✓","Jan 6, 07:54 PM"
"Y-Shaped","Multiprocess","195 853","48 607","23.01s","795ms","21.08s","3741","236 MB","-","✓","Jan 6, 07:54 PM"
"Y-Shaped","Multiprocess","195 853","48 607","23.57s","666ms","21.74s","3741","244 MB","-","✓","Jan 6, 07:54 PM"
"Y-Shaped","Multiprocess","201","52","168ms","85ms","<0.01s","115","-","-","✓","Jan 6, 07:52 PM"
"Y-Shaped","Multiprocess","201","52","175ms","85ms","<0.01s","115","-","-","✓","Jan 6, 07:52 PM"
"Y-Shaped","Multiprocess","201","52","165ms","83ms","<0.01s","115","-","-","✓","Jan 6, 07:52 PM"
"Elbow 90°","Threaded","161 984","53 344","27.50s","5.83s","17.39s","3135","204 MB","-","✓","Jan 6, 07:52 PM"
"Elbow 90°","Threaded","161 984","53 344","28.04s","5.86s","17.95s","3132","206 MB","-","✓","Jan 6, 07:52 PM"
"Elbow 90°","Threaded","161 984","53 344","28.37s","5.90s","18.46s","3135","206 MB","-","✓","Jan 6, 07:52 PM"
"Elbow 90°","Threaded","411","111","18ms","10ms","<0.01s","141","-","-","✓","Jan 6, 07:50 PM"
"Elbow 90°","Threaded","411","111","19ms","<0.01s","<0.01s","141","-","-","✓","Jan 6, 07:50 PM"
"Elbow 90°","Threaded","411","111","16ms","<0.01s","<0.01s","141","-","-","✓","Jan 6, 07:50 PM"
"Backward-Facing Step","Threaded","195 362","64 713","36.98s","7.05s","24.83s","3993","271 MB","-","✓","Jan 6, 07:50 PM"
"Backward-Facing Step","Threaded","195 362","64 713","37.58s","7.16s","25.34s","3990","274 MB","-","✓","Jan 6, 07:50 PM"
"Backward-Facing Step","Threaded","195 362","64 713","37.68s","7.17s","25.32s","3991","276 MB","-","✓","Jan 6, 07:50 PM"
"Backward-Facing Step","Threaded","287","82","19ms","10ms","<0.01s","137","-","-","✓","Jan 6, 07:47 PM"
"Backward-Facing Step","Threaded","287","82","16ms","<0.01s","<0.01s","137","-","-","✓","Jan 6, 07:47 PM"
"Backward-Facing Step","Threaded","287","82","16ms","<0.01s","<0.01s","137","-","-","✓","Jan 6, 07:47 PM"
"T-Junction","Threaded","196 420","64 987","41.58s","7.21s","29.13s","4319","283 MB","-","✓","Jan 6, 07:47 PM"
"T-Junction","Threaded","196 420","64 987","41.37s","7.20s","28.99s","4319","286 MB","-","✓","Jan 6, 07:47 PM"
"T-Junction","Threaded","196 420","64 987","40.43s","7.19s","28.01s","4319","241 MB","-","✓","Jan 6, 07:47 PM"
"T-Junction","Threaded","393","102","17ms","<0.01s","<0.01s","168","-","-","✓","Jan 6, 07:45 PM"
"T-Junction","Threaded","393","102","18ms","<0.01s","<0.01s","168","-","-","✓","Jan 6, 07:45 PM"
"T-Junction","Threaded","393","102","21ms","11ms","<0.01s","168","-","-","✓","Jan 6, 07:45 PM"
"S-Bend","Threaded","196 078","64 787","40.82s","7.19s","28.51s","4650","292 MB","-","✓","Jan 6, 07:45 PM"
"S-Bend","Threaded","196 078","64 787","43.79s","7.39s","31.20s","4649","295 MB","-","✓","Jan 6, 07:45 PM"
"S-Bend","Threaded","196 078","64 787","42.11s","6.89s","30.02s","4650","254 MB","-","✓","Jan 6, 07:45 PM"
"S-Bend","Threaded","387","222","13ms","<0.01s","<0.01s","156","-","-","✓","Jan 6, 07:42 PM"
"S-Bend","Threaded","387","222","20ms","11ms","<0.01s","156","-","-","✓","Jan 6, 07:42 PM"
"S-Bend","Threaded","387","222","17ms","<0.01s","<0.01s","156","-","-","✓","Jan 6, 07:42 PM"
"Venturi","Threaded","194 325","64 334","38.38s","7.46s","25.56s","4043","309 MB","-","✓","Jan 6, 07:42 PM"
"Venturi","Threaded","194 325","64 334","38.58s","7.18s","26.18s","4043","314 MB","-","✓","Jan 6, 07:42 PM"
"Venturi","Threaded","194 325","64 334","38.08s","6.92s","26.11s","4041","263 MB","-","✓","Jan 6, 07:42 PM"
"Venturi","Threaded","341","86","19ms","<0.01s","<0.01s","133","-","-","✓","Jan 6, 07:39 PM"
"Venturi","Threaded","341","86","13ms","<0.01s","<0.01s","133","-","-","✓","Jan 6, 07:39 PM"
"Venturi","Threaded","341","86","13ms","<0.01s","<0.01s","133","-","-","✓","Jan 6, 07:39 PM"
"Y-Shaped","Threaded","195 853","48 607","32.05s","5.44s","22.74s","3741","247 MB","-","✓","Jan 6, 07:39 PM"
"Y-Shaped","Threaded","195 853","48 607","31.01s","5.18s","21.85s","3741","251 MB","-","✓","Jan 6, 07:39 PM"
"Y-Shaped","Threaded","195 853","48 607","31.30s","5.14s","22.32s","3741","229 MB","-","✓","Jan 6, 07:39 PM"
"Y-Shaped","Threaded","201","52","10ms","<0.01s","<0.01s","115","-","-","✓","Jan 6, 07:37 PM"
"Y-Shaped","Threaded","201","52","<0.01s","<0.01s","<0.01s","115","-","-","✓","Jan 6, 07:37 PM"
"Y-Shaped","Threaded","201","52","<0.01s","<0.01s","<0.01s","115","-","-","✓","Jan 6, 07:37 PM"
"Elbow 90°","CPU","161 984","53 344","44.38s","12.13s","28.90s","4753","211 MB","-","✓","Jan 6, 07:37 PM"
"Elbow 90°","CPU","161 984","53 344","43.58s","12.99s","26.84s","4753","214 MB","-","✓","Jan 6, 07:37 PM"
"Elbow 90°","CPU","161 984","53 344","43.16s","12.21s","27.40s","4753","185 MB","-","✓","Jan 6, 07:37 PM"
"Elbow 90°","CPU","411","111","37ms","26ms","<0.01s","142","-","-","✓","Jan 6, 07:33 PM"
"Elbow 90°","CPU","411","111","38ms","26ms","<0.01s","142","-","-","✓","Jan 6, 07:33 PM"
"Elbow 90°","CPU","411","111","37ms","25ms","<0.01s","142","-","-","✓","Jan 6, 07:33 PM"
"Backward-Facing Step","CPU","195 362","64 713","46.22s","14.97s","26.78s","4207","249 MB","-","✓","Jan 6, 07:33 PM"
"Backward-Facing Step","CPU","195 362","64 713","45.29s","14.60s","26.48s","4207","259 MB","-","✓","Jan 6, 07:33 PM"
"Backward-Facing Step","CPU","195 362","64 713","48.52s","15.08s","29.18s","4207","262 MB","-","✓","Jan 6, 07:33 PM"
"Backward-Facing Step","CPU","287","82","25ms","17ms","<0.01s","137","-","-","✓","Jan 6, 07:30 PM"
"Backward-Facing Step","CPU","287","82","26ms","17ms","<0.01s","137","-","-","✓","Jan 6, 07:30 PM"
"Backward-Facing Step","CPU","287","82","26ms","18ms","<0.01s","137","-","-","✓","Jan 6, 07:30 PM"
"T-Junction","CPU","196 420","64 987","48.47s","15.52s","28.77s","4319","258 MB","-","✓","Jan 6, 07:30 PM"
"T-Junction","CPU","196 420","64 987","48.62s","14.83s","29.64s","4319","265 MB","-","✓","Jan 6, 07:30 PM"
"T-Junction","CPU","196 420","64 987","48.54s","15.35s","28.65s","4319","262 MB","-","✓","Jan 6, 07:30 PM"
"T-Junction","CPU","393","102","34ms","24ms","<0.01s","168","-","-","✓","Jan 6, 07:27 PM"
"T-Junction","CPU","393","102","34ms","23ms","<0.01s","168","-","-","✓","Jan 6, 07:27 PM"
"T-Junction","CPU","393","102","35ms","24ms","<0.01s","168","-","-","✓","Jan 6, 07:27 PM"
"S-Bend","CPU","765 441","254 034","6m 44.3s","1m 3.6s","5m 22.9s","19 286","1.10 GB","-","✓","Jan 6, 01:18 AM"
"S-Bend","CPU","765 441","254 034","6m 53.5s","1m 4.2s","5m 31.3s","19 286","1.11 GB","-","✓","Jan 6, 01:18 AM"
"S-Bend","CPU","765 441","254 034","6m 52.3s","1m 4.0s","5m 30.1s","19 286","1.12 GB","-","✓","Jan 6, 01:18 AM"
"S-Bend","CPU","196 078","64 787","38.37s","15.96s","17.93s","5032","238 MB","-","✓","Jan 6, 12:51 AM"
"S-Bend","CPU","196 078","64 787","38.88s","16.24s","18.13s","5032","220 MB","-","✓","Jan 6, 12:51 AM"
"S-Bend","CPU","196 078","64 787","39.20s","16.20s","18.41s","5032","239 MB","-","✓","Jan 6, 12:51 AM"
"S-Bend","CPU","387","222","35ms","24ms","<0.01s","156","-","-","✓","Jan 6, 12:48 AM"
"S-Bend","CPU","387","222","34ms","23ms","<0.01s","156","-","-","✓","Jan 6, 12:48 AM"
"S-Bend","CPU","387","222","33ms","22ms","<0.01s","156","-","-","✓","Jan 6, 12:48 AM"
"Venturi","CPU","1 284 412","427 017","16m 57.8s","1m 47.3s","14m 40.8s","27 149","1.95 GB","-","✓","Jan 6, 12:48 AM"
"Venturi","CPU","1 284 412","427 017","16m 39.8s","1m 47.0s","14m 23.3s","27 149","1.90 GB","-","✓","Jan 6, 12:48 AM"
"Venturi","CPU","1 284 412","427 017","16m 56.5s","1m 48.6s","14m 38.0s","27 149","1.90 GB","-","✓","Jan 6, 12:48 AM"
"Venturi","CPU","763 707","253 704","6m 6.5s","1m 4.4s","4m 44.0s","16 917","1.16 GB","-","✓","Jan 5, 11:41 PM"
"Venturi","CPU","763 707","253 704","6m 5.8s","1m 3.8s","4m 44.1s","16 917","1.17 GB","-","✓","Jan 5, 11:41 PM"
"Venturi","CPU","763 707","253 704","6m 6.8s","1m 2.1s","4m 46.7s","16 917","1.13 GB","-","✓","Jan 5, 11:41 PM"
"Y-Shaped","CPU","201","52","24ms","15ms","<0.01s","115","-","-","✓","Jan 5, 11:09 PM"
"Y-Shaped","CPU","201","52","23ms","15ms","<0.01s","115","-","-","✓","Jan 5, 11:09 PM"
"Y-Shaped","CPU","201","52","19ms","12ms","<0.01s","115","-","-","✓","Jan 5, 11:09 PM"
"Venturi","CPU","194 325","64 334","32.16s","13.83s","14.31s","4390","215 MB","-","✓","Jan 5, 10:15 PM"
"Venturi","CPU","194 325","64 334","32.40s","13.77s","14.78s","4390","219 MB","-","✓","Jan 5, 10:15 PM"
"Venturi","CPU","194 325","64 334","32.09s","13.70s","14.57s","4390","219 MB","-","✓","Jan 5, 10:15 PM"
"Venturi","CPU","341","86","28ms","18ms","<0.01s","133","-","-","✓","Jan 5, 10:12 PM"
"Venturi","CPU","341","86","30ms","19ms","<0.01s","133","-","-","✓","Jan 5, 10:12 PM"
"Venturi","CPU","341","86","32ms","22ms","<0.01s","133","-","-","✓","Jan 5, 10:12 PM"
"Y-Shaped","CPU","1 357 953","338 544","6m 42.2s","1m 19.3s","5m 1.6s","9871","1.66 GB","-","✓","Jan 5, 10:12 PM"
"Y-Shaped","CPU","1 357 953","338 544","7m 2.2s","1m 21.6s","5m 18.3s","9871","1.66 GB","-","✓","Jan 5, 10:12 PM"
"Y-Shaped","CPU","1 357 953","338 544","6m 55.8s","1m 20.3s","5m 12.7s","9871","1.55 GB","-","✓","Jan 5, 10:12 PM"
"Y-Shaped","CPU","772 069","192 308","2m 50.6s","45.18s","1m 52.5s","7508","952 MB","-","✓","Jan 5, 09:43 PM"
"Y-Shaped","CPU","772 069","192 308","2m 50.7s","45.32s","1m 52.4s","7508","959 MB","-","✓","Jan 5, 09:43 PM"
"Y-Shaped","CPU","772 069","192 308","2m 49.9s","44.82s","1m 51.9s","7508","968 MB","-","✓","Jan 5, 09:43 PM"
"Y-Shaped","CPU","195 853","48 607","25.58s","11.28s","11.12s","3741","192 MB","-","✓","Jan 5, 09:31 PM"
"Y-Shaped","CPU","195 853","48 607","24.62s","11.35s","10.09s","3741","206 MB","-","✓","Jan 5, 09:31 PM"
"Y-Shaped","CPU","195 853","48 607","24.94s","11.01s","10.61s","3741","205 MB","-","✓","Jan 5, 09:31 PM"
"Y-Shaped","CPU","201","52","19ms","12ms","<0.01s","115","-","-","✓","Jan 5, 09:29 PM"
"Y-Shaped","CPU","201","52","17ms","11ms","<0.01s","115","-","-","✓","Jan 5, 09:29 PM"
"Y-Shaped","CPU","201","52","20ms","12ms","<0.01s","115","-","-","✓","Jan 5, 09:29 PM"